指標,項目代碼,官方勾選文字,填表建議,優先閱讀文件,相關文件,原因與限制,正式實績已確認
1,I01-E01,中長程的業務發展規劃策略地圖。 （p.13；OOO手冊中第O頁； 官網首頁）,可指定方法示範優先閱讀；不是實績,0001、0002,0001、0002,0001：三年門數、時數、人次、費用與縮班算例能互相核對；6頁已查看。／屬志工培訓示範，範圍比協會既有多元課程與收入發展方向窄；不能代替已核定的整體事業策略。；0002：8人逐項紀錄可重算7人通過；另列9人缺項情境，分母未混用；4頁示範稿已有完整驗收紀錄。／與0001屬同一勾選項；未證明協會已核定三年計畫或達成目標。,否
1,I01-E02,目標市場需求調查。,可指定方法示範優先閱讀；不是實績,0003,0003、0004、0005,0003：12題、跳題、缺答、自願填答、填好示例與替換方式齊全；8頁已查看。／只是一份問卷工具與單人示例；尚無真實回收答卷、需求統計與課程決議。；0004：正文仍有未提供或待填的主要紀錄；未確認本項已形成完整實際證據。／按該格官方要求取得真實原始資料與核定、執行或結果紀錄。；0005：正文仍有未提供或待填的主要紀錄；未確認本項已形成完整實際證據。／按該格官方要求取得真實原始資料與核定、執行或結果紀錄。,否
1,I01-E03,業務發展計畫（包括人力資源的發展與訓練規劃內容、主題或方向）。,先不要勾已完成；本輪未確認完整佐證,,0006,0006：正文仍有未提供或待填的主要紀錄；未確認本項已形成完整實際證據。／按該格官方要求取得真實原始資料與核定、執行或結果紀錄。,否
1,I01-E04,課程產品及流程的檢討分析。,先不要勾已完成；本輪未確認完整佐證,,0007,0007：正文仍有未提供或待填的主要紀錄；未確認本項已形成完整實際證據。／按該格官方要求取得真實原始資料與核定、執行或結果紀錄。,否
1,I01-E05,各類別訓練課程年度成長計畫。,先不要勾已完成；本輪未確認完整佐證,,0008,0008：正文仍有未提供或待填的主要紀錄；未確認本項已形成完整實際證據。／按該格官方要求取得真實原始資料與核定、執行或結果紀錄。,否
1,I01-E06,單位工作達成年度績效目標的訂定及目標分析等佐證資料。,先不要勾已完成；本輪未確認完整佐證,,0009,0009：正文仍有未提供或待填的主要紀錄；未確認本項已形成完整實際證據。／按該格官方要求取得真實原始資料與核定、執行或結果紀錄。,否
2,I02-E01,對學員訓練成果有評核標準的訂定及說明。,先不要勾已完成；本輪未確認完整佐證,,0010,0010：正文仍有未提供或待填的主要紀錄；未確認本項已形成完整實際證據。／按該格官方要求取得真實原始資料與核定、執行或結果紀錄。,否
2,I02-E02,與訓練政策有關之訓練產品與市場定位。,先不要勾已完成；本輪未確認完整佐證,,0011,0011：正文仍有未提供或待填的主要紀錄；未確認本項已形成完整實際證據。／按該格官方要求取得真實原始資料與核定、執行或結果紀錄。,否
2,I02-E03,補助參與機構公開招生課程或進階課程優惠辦法之規定。,先不要勾已完成；本輪未確認完整佐證,,0012,0012：正文仍有未提供或待填的主要紀錄；未確認本項已形成完整實際證據。／按該格官方要求取得真實原始資料與核定、執行或結果紀錄。,否
2,I02-E04,公開公布訓練機構年度訓練課程。,僅補充示範，先不要勾已完成,,0013,0013：年度公告文案、4門課與更改示例完整，5頁已有同版畫面。／未提供實際公開網頁、張貼照片、真實聯絡方式與課程核定；不能勾成已公開公布。,否
2,I02-E05,客戶提出的課程需求的相關表單 （文件），而揭露的呈現方式， 可以為EDM、海報、網站網頁等方式加以呈現。,先不要勾已完成；本輪未確認完整佐證,,0014、0015、0016、0017,0014：正文仍有未提供或待填的主要紀錄；未確認本項已形成完整實際證據。／按該格官方要求取得真實原始資料與核定、執行或結果紀錄。；0015：正文仍有未提供或待填的主要紀錄；未確認本項已形成完整實際證據。／按該格官方要求取得真實原始資料與核定、執行或結果紀錄。；0016：正文仍有未提供或待填的主要紀錄；未確認本項已形成完整實際證據。／按該格官方要求取得真實原始資料與核定、執行或結果紀錄。；0017：正文仍有未提供或待填的主要紀錄；未確認本項已形成完整實際證據。／按該格官方要求取得真實原始資料與核定、執行或結果紀錄。,否
3,I03-E01,訓練體系圖解及核心訓練類別名稱。,先不要勾已完成；本輪未確認完整佐證,,0018,0018：正文仍有未提供或待填的主要紀錄；未確認本項已形成完整實際證據。／按該格官方要求取得真實原始資料與核定、執行或結果紀錄。,否
3,I03-E02,學員訓練及訓練機構事業發展相關的證明。,先不要勾已完成；本輪未確認完整佐證,,0019,0019：正文仍有未提供或待填的主要紀錄；未確認本項已形成完整實際證據。／按該格官方要求取得真實原始資料與核定、執行或結果紀錄。,否
3,I03-E03,學員訓練類型及促進關鍵績效指標（KPI）。,先不要勾已完成；本輪未確認完整佐證,,0020,0020：正文仍有未提供或待填的主要紀錄；未確認本項已形成完整實際證據。／按該格官方要求取得真實原始資料與核定、執行或結果紀錄。,否
3,I03-E04,學員訓練及學員職務相稱的證明。,先不要勾已完成；本輪未確認完整佐證,,0021,0021：正文仍有未提供或待填的主要紀錄；未確認本項已形成完整實際證據。／按該格官方要求取得真實原始資料與核定、執行或結果紀錄。,否
4,I04-E01,訓練需求的定期調查與分析。,先不要勾已完成；本輪未確認完整佐證,,0022,0022：正文仍有未提供或待填的主要紀錄；未確認本項已形成完整實際證據。／按該格官方要求取得真實原始資料與核定、執行或結果紀錄。,否
4,I04-E02,不同訓練課程的設計與規劃方向。,先不要勾已完成；本輪未確認完整佐證,,0023,0023：正文仍有未提供或待填的主要紀錄；未確認本項已形成完整實際證據。／按該格官方要求取得真實原始資料與核定、執行或結果紀錄。,否
4,I04-E03,訓練的提供方式及選擇的指標。,先不要勾已完成；本輪未確認完整佐證,,0024,0024：正文仍有未提供或待填的主要紀錄；未確認本項已形成完整實際證據。／按該格官方要求取得真實原始資料與核定、執行或結果紀錄。,否
4,I04-E04,訓練結果的評估、訓練實施的依據及標準化作業流程（SOP）。,可指定方法示範優先閱讀；不是實績,0025,0025,0025：8個步驟含分工、安全、補學、獨立核對與交接；6/7初測85.7%與後續8/8分開；7頁已查看。／程序未生效；示範班次不是實際辦訓，不能當成已執行的流程紀錄。,否
4,I04-E05,機構如何運作 TTQS 管理系統及如何核准、公告、更新、保存紀錄的證明資料。,先不要勾已完成；本輪未確認完整佐證,,0026,0026：正文仍有未提供或待填的主要紀錄；未確認本項已形成完整實際證據。／按該格官方要求取得真實原始資料與核定、執行或結果紀錄。,否
5,I05-E01,學員訓練及訓練機構年度事業計畫的相關資料。,先不要勾已完成；本輪未確認完整佐證,,0027,0027：正文仍有未提供或待填的主要紀錄；未確認本項已形成完整實際證據。／按該格官方要求取得真實原始資料與核定、執行或結果紀錄。,否
5,I05-E02,訓練課程體系及訓練機構業務策略方向的相關資料。,先不要勾已完成；本輪未確認完整佐證,,0028,0028：正文仍有未提供或待填的主要紀錄；未確認本項已形成完整實際證據。／按該格官方要求取得真實原始資料與核定、執行或結果紀錄。,否
5,I05-E03,訓練規劃及達到客戶課程績效目標的證明資料。,先不要勾已完成；本輪未確認完整佐證,,0029,0029：正文仍有未提供或待填的主要紀錄；未確認本項已形成完整實際證據。／按該格官方要求取得真實原始資料與核定、執行或結果紀錄。,否
6,I06-E01,工作經驗的相關受訓證明。,先不要勾已完成；本輪未確認完整佐證,,0030,0030：正文仍有未提供或待填的主要紀錄；未確認本項已形成完整實際證據。／按該格官方要求取得真實原始資料與核定、執行或結果紀錄。,否
6,I06-E02,專業訓練人員職能評估方法等證明。,先不要勾已完成；本輪未確認完整佐證,,0031,0031：正文仍有未提供或待填的主要紀錄；未確認本項已形成完整實際證據。／按該格官方要求取得真實原始資料與核定、執行或結果紀錄。,否
6,I06-E03,訓練機構具備執行訓練業務相關職能的說明。,先不要勾已完成；本輪未確認完整佐證,,0032,0032：正文仍有未提供或待填的主要紀錄；未確認本項已形成完整實際證據。／按該格官方要求取得真實原始資料與核定、執行或結果紀錄。,否
7,I07-E01,訓練課程計畫配合客戶及受訓者需求、職能需求的調查規劃的證明。,先不要勾已完成；本輪未確認完整佐證,,0033,0033：正文仍有未提供或待填的主要紀錄；未確認本項已形成完整實際證據。／按該格官方要求取得真實原始資料與核定、執行或結果紀錄。,否
7,I07-E02,針對學員做職能盤點或職能分析並據以規劃適切課程的證明資料。,先不要勾已完成；本輪未確認完整佐證,,0034,0034：正文仍有未提供或待填的主要紀錄；未確認本項已形成完整實際證據。／按該格官方要求取得真實原始資料與核定、執行或結果紀錄。,否
7,I07-E03,對相關職能分析及運用的方法均能適時檢討隨時改進。,先不要勾已完成；本輪未確認完整佐證,,0035,0035：正文仍有未提供或待填的主要紀錄；未確認本項已形成完整實際證據。／按該格官方要求取得真實原始資料與核定、執行或結果紀錄。,否
7,I07-E04,有課程設計進度表、課程規劃流程圖說明、訓練規劃書等佐證資料。,先不要勾已完成；本輪未確認完整佐證,,0036,0036：正文仍有未提供或待填的主要紀錄；未確認本項已形成完整實際證據。／按該格官方要求取得真實原始資料與核定、執行或結果紀錄。,否
8,I08-E01,相關文件紀錄能顯示近年來訓練目標、訓練方法、課程時程安排、師資遴選、學員遴選條件、 訓練教材、設施與環境、訓練評估方法等的檢討及改善過程。,先不要勾已完成；本輪未確認完整佐證,,0037,0037：正文仍有未提供或待填的主要紀錄；未確認本項已形成完整實際證據。／按該格官方要求取得真實原始資料與核定、執行或結果紀錄。,否
8,I08-E02,針對訓練方案的系統設計能適時檢討及改善，執行後有良好效果。,先不要勾已完成；本輪未確認完整佐證,,0038,0038：正文仍有未提供或待填的主要紀錄；未確認本項已形成完整實際證據。／按該格官方要求取得真實原始資料與核定、執行或結果紀錄。,否
8,I08-E03,課程規劃會議紀錄展現訓練課程設計流程，擬定訓練評估方法並作為訓練成效評估的依據，且有佐證資料可查。,先不要勾已完成；本輪未確認完整佐證,,0039、0040,0039：正文仍有未提供或待填的主要紀錄；未確認本項已形成完整實際證據。／按該格官方要求取得真實原始資料與核定、執行或結果紀錄。；0040：正文仍有未提供或待填的主要紀錄；未確認本項已形成完整實際證據。／按該格官方要求取得真實原始資料與核定、執行或結果紀錄。,否
9,I09-E01,課程規劃書（能顯示包含講師、行政、企業學員、用人之主管之意見納入課程設計與審查之考量）。,先不要勾已完成；本輪未確認完整佐證,,0041,0041：正文仍有未提供或待填的主要紀錄；未確認本項已形成完整實際證據。／按該格官方要求取得真實原始資料與核定、執行或結果紀錄。,否
9,I09-E02,執行本項目與作業流程相關文件資料（展現利益關係人參與課程設計與審查，包括出席、 發言、意見溝通、核准、認同、 支持…等各種形式的參與）。,僅補充示範，先不要勾已完成,,0042,0042：有4人邀請、3人回覆、2件有效意見與1件重複的完整示例。／企業學員、用人端等情境尚未貼合本會實際角色；沒有真實出席、意見或核准原件；畫面未重查。,否
9,I09-E03,針對需求單位進行訪談並留有紀錄與統計分析。,先不要勾已完成；本輪未確認完整佐證,,0043,0043：正文仍有未提供或待填的主要紀錄；未確認本項已形成完整實際證據。／按該格官方要求取得真實原始資料與核定、執行或結果紀錄。,否
9,I09-E04,所有的討論、 會議或E-mail均留有完整紀錄並經簽核後存檔。,僅補充示範，先不要勾已完成,,0044,0044：5封往返與附件版本、簽核先後、歸檔調閱的示例完整。／沒有真實會議、郵件或簽核；大段文字集中單列，畫面未重查，不宜列為已完整簽核存檔。,否
10,I10-E01,完整文書手冊與紀錄分析相關資料（具體明確紀錄展現課程設計時，有適當的流程進行師資、教材或合作廠商評估選擇，且流程應有適當的辦法進行評估、採購、簽約及後續管理作業流程）。,先不要勾已完成；本輪未確認完整佐證,,0045、0046,0045：正文仍有未提供或待填的主要紀錄；未確認本項已形成完整實際證據。／按該格官方要求取得真實原始資料與核定、執行或結果紀錄。；0046：正文仍有未提供或待填的主要紀錄；未確認本項已形成完整實際證據。／按該格官方要求取得真實原始資料與核定、執行或結果紀錄。,否
10,I10-E02,相關文件能記錄近年來對於課程之評估、採購、簽約與後續管理作業的檢討及改善。,僅補充示範，先不要勾已完成,,0047,0047：兩年四項加權及7/8檢核的分析示例能重算。／沒有真實採購、契約、履約與改善證據；畫面未重查。,否
10,I10-E03,大型採購均辦理會議通過、師資遴聘後亦經過會議或審查通過並留有紀錄。,先不要勾已完成；本輪未確認完整佐證,,0048,0048：正文仍有未提供或待填的主要紀錄；未確認本項已形成完整實際證據。／按該格官方要求取得真實原始資料與核定、執行或結果紀錄。,否
11,I11-E01,訓練課程計畫配合業主、受訓者以及職能需求等調查規劃的證明。,先不要勾已完成；本輪未確認完整佐證,,0049,0049：正文仍有未提供或待填的主要紀錄；未確認本項已形成完整實際證據。／按該格官方要求取得真實原始資料與核定、執行或結果紀錄。,否
11,I11-E02,各課程單元內容均能達成訓練規劃的目標。,僅補充示範，先不要勾已完成,,0050,0050：單元目標、教學、練習、判準及3/3設計完整度的示例齊全。／情境偏資料分析課程、文字較專業；沒有實際課程核定或學員作品；畫面未重查。,否
11,I11-E03,各項課程產出均經討論後確認，且留有完整紀錄與主管核定。,先不要勾已完成；本輪未確認完整佐證,,0051,0051：正文仍有未提供或待填的主要紀錄；未確認本項已形成完整實際證據。／按該格官方要求取得真實原始資料與核定、執行或結果紀錄。,否
11,I11-E04,規劃課程依學員及結訓學員意見訂定訓練課程，且流程有完整紀錄。,先不要勾已完成；本輪未確認完整佐證,,0052,0052：正文仍有未提供或待填的主要紀錄；未確認本項已形成完整實際證據。／按該格官方要求取得真實原始資料與核定、執行或結果紀錄。,否
12,I12-E01,近年針對訓練課程的切合性， 有檢討並調整遴選學員、教材、師資、教學方法與訓練設施的過程，或有完整文書手冊與紀錄分析相關資料並持續改善。,先不要勾已完成；本輪未確認完整佐證,,0053,0053：正文仍有未提供或待填的主要紀錄；未確認本項已形成完整實際證據。／按該格官方要求取得真實原始資料與核定、執行或結果紀錄。,否
12,I12-E02,依學員遴選標準及流程遴選， 教材由講師及顧問推薦須經訓練管理委員會通過。,先不要勾已完成；本輪未確認完整佐證,,0054,0054：代表稿仍屬工作稿；先前修稿尚有未解決的來源與遴選規則問題，不能依檔名判定可用。／需已核定遴選條件、實際評分、同分處理、錄取決議及教材審查原件。,否
12,I12-E03,講師的遴聘依師資遴選標準及流程評選並經訓練管理委員會通過後發給聘書。,先不要勾已完成；本輪未確認完整佐證,,0055,0055：正文仍有未提供或待填的主要紀錄；未確認本項已形成完整實際證據。／按該格官方要求取得真實原始資料與核定、執行或結果紀錄。,否
12,I12-E04,設備安檢或是場地投保證明。,先不要勾已完成；本輪未確認完整佐證,,0056,0056：正文仍有未提供或待填的主要紀錄；未確認本項已形成完整實際證據。／按該格官方要求取得真實原始資料與核定、執行或結果紀錄。,否
13,I13-E01,相關文件紀錄能證實近年來對訓練成果轉移及達成的檢討， 並有具體佐證資料。,先不要勾已完成；本輪未確認完整佐證,,0057,0057：正文仍有未提供或待填的主要紀錄；未確認本項已形成完整實際證據。／按該格官方要求取得真實原始資料與核定、執行或結果紀錄。,否
13,I13-E02,具體明確紀錄展現提供受訓人員或客戶，如：課程所學運用於工作，以強化職能建立的建議或協助提供行動計畫，展現適當的競賽獎勵措施，促進訓練達個人、小組團隊及組織績效改善的成果。,先不要勾已完成；本輪未確認完整佐證,,0058,0058：正文仍有未提供或待填的主要紀錄；未確認本項已形成完整實際證據。／按該格官方要求取得真實原始資料與核定、執行或結果紀錄。,否
13,I13-E03,業主提供回訓或相關機制、學習心得交流的平台、證照、實習或其他相關機制的建議或協助，展現訓練成果移轉的達成並展現連接性執行。,先不要勾已完成；本輪未確認完整佐證,,0059,0059：正文仍有未提供或待填的主要紀錄；未確認本項已形成完整實際證據。／按該格官方要求取得真實原始資料與核定、執行或結果紀錄。,否
14,I14-E01,訓練資料與訓練過程及成果的紀錄與分類，均有系統化歸納方法編碼。,先不要勾已完成；本輪未確認完整佐證,,0060,0060：正文仍有未提供或待填的主要紀錄；未確認本項已形成完整實際證據。／按該格官方要求取得真實原始資料與核定、執行或結果紀錄。,否
14,I14-E02,訓練檔案管理系統。,先不要勾已完成；本輪未確認完整佐證,,0061,0061：正文仍有未提供或待填的主要紀錄；未確認本項已形成完整實際證據。／按該格官方要求取得真實原始資料與核定、執行或結果紀錄。,否
14,I14-E03,完整的訓練文件建檔資料。,先不要勾已完成；本輪未確認完整佐證,,0062,0062：正文仍有未提供或待填的主要紀錄；未確認本項已形成完整實際證據。／按該格官方要求取得真實原始資料與核定、執行或結果紀錄。,否
14,I14-E04,是否提供查詢功能，並具持續改善機制。,先不要勾已完成；本輪未確認完整佐證,,0063,0063：正文仍有未提供或待填的主要紀錄；未確認本項已形成完整實際證據。／按該格官方要求取得真實原始資料與核定、執行或結果紀錄。,否
14,I14-E05,資訊系統化程度及檢索速度。,先不要勾已完成；本輪未確認完整佐證,,0064,0064：正文仍有未提供或待填的主要紀錄；未確認本項已形成完整實際證據。／按該格官方要求取得真實原始資料與核定、執行或結果紀錄。,否
15,I15-E01,訓後定期性綜合檢討或管理審查制度會議紀錄。,先不要勾已完成；本輪未確認完整佐證,,0065,0065：正文仍有未提供或待填的主要紀錄；未確認本項已形成完整實際證據。／按該格官方要求取得真實原始資料與核定、執行或結果紀錄。,否
15,I15-E02,訓練的結案報告，包括資源的運用、財務的支配、訓練成果的展現、檢討及改進的方法。,僅補充示範，先不要勾已完成,,0066,0066：單班資源、預算24000元、支出23400元及成果、改善示例齊全，計算一致。／不是本會真實結案；12小時職場溝通課與本會小班示範需另作情境核對；缺名冊、憑證及原始評量；畫面未重查。,否
15,I15-E03,訓練執行評估指標分析及相關統計分析。,僅補充示範，先不要勾已完成,,0067,0067：6人邀請、6件回收、4件有效與逐人分數可重算，缺測及重複有區分。／文中稱有效率為「官方列示口徑」，在本次提供的官方查核資料表未找到此公式依據；另有專業用語及未確認的手冊引用；畫面未重查。,否
15,I15-E04,訓後改善建議追蹤報告。,先不要勾已完成；本輪未確認完整佐證,,0068,0068：正文仍有未提供或待填的主要紀錄；未確認本項已形成完整實際證據。／按該格官方要求取得真實原始資料與核定、執行或結果紀錄。,否
16,I16-E01,訓練流程的管控方法及紀錄。,先不要勾已完成；本輪未確認完整佐證,,0069,0069：正文明寫「只有官方查核要求及空白工作稿」；七階段紀錄仍待填。／需實際課程各階段管控表、檢查日期、負責人、異常與改善紀錄。,否
16,I16-E02,訓練異常處理方法、 紀錄與工具。,可指定方法示範優先閱讀；不是實績,0071,0070、0071,0070：異常處理步驟與資料匯入重複的合成案例完整。／8種角色及資料匯入等情境較複雜，部分操作表仍待填，未核定且無真實事件；可補充方法，優先看0071。；0071：有通報、原因、修正、預防、期限及再次確認的完整示例；12件核對及兩批追蹤可重算。／未取得真實異常案例或核定程序；本次正文核對完成，僅找到同版第3頁既有畫面核對紀錄，未完成7頁全部畫面重查。,否
16,I16-E03,訓練的內外稽核流程與紀錄。,先不要勾已完成；本輪未確認完整佐證,,0072,0072：有稽核流程文字，但計畫、稽核員、日期、發現與改善均待填。／需實際內部稽核計畫、查核表、缺失與再查結果；外部稽核須附實際外部報告。,否
17,I17A-E01,課後滿意度調查分析與課後檢討講師、學員、人資、部門主管等利益關係人的建議回饋紀錄。,先不要勾已完成；本輪未確認完整佐證,,0073,0073：正文仍有未提供或待填的主要紀錄；未確認本項已形成完整實際證據。／按該格官方要求取得真實原始資料與核定、執行或結果紀錄。,否
17,I17A-E02,課程結案報告（含問卷調查統計分析、課程規劃紀錄等含對後續課程的開課建議事項）。,先不要勾已完成；本輪未確認完整佐證,,0074,0074：正文仍有未提供或待填的主要紀錄；未確認本項已形成完整實際證據。／按該格官方要求取得真實原始資料與核定、執行或結果紀錄。,否
17,I17A-E03,依反應評估進行課程改善的行動方案。）,先不要勾已完成；本輪未確認完整佐證,,0075,0075：正文仍有未提供或待填的主要紀錄；未確認本項已形成完整實際證據。／按該格官方要求取得真實原始資料與核定、執行或結果紀錄。,否
17,I17B-E01,考試紀錄、學員心得報告、照片與紀錄、訓後學員職涯規劃建議表。,僅補充示範，先不要勾已完成,,0076、0077、0078、0079,0076：4人筆試及實作分项、判定和2/4雙項通過可重算。／設備操作課並非本會已確認課程；官方同一格還含心得、照片及職涯建議，本件不齊全且無真實試卷；畫面未重查。；0077：正文仍有未提供或待填的主要紀錄；未確認本項已形成完整實際證據。／按該格官方要求取得真實原始資料與核定、執行或結果紀錄。；0078：正文明寫尚未提供活動或照片原件，空白表不代表課程已發生。／需真實且可合法使用的照片、課程日期、說明、原始來源與活動紀錄。；0079：正文仍有未提供或待填的主要紀錄；未確認本項已形成完整實際證據。／按該格官方要求取得真實原始資料與核定、執行或結果紀錄。,否
17,I17B-E02,對課程評量及學員建議進行檢討與紀錄。,先不要勾已完成；本輪未確認完整佐證,,0080,0080：正文仍有未提供或待填的主要紀錄；未確認本項已形成完整實際證據。／按該格官方要求取得真實原始資料與核定、執行或結果紀錄。,否
17,I17B-E03,結案報告書、課後訓練機構的課程檢討行動計畫查核紀錄。,先不要勾已完成；本輪未確認完整佐證,,0081,0081：正文仍有未提供或待填的主要紀錄；未確認本項已形成完整實際證據。／按該格官方要求取得真實原始資料與核定、執行或結果紀錄。,否
17,I17C-E01,學員訓後動態調查表。,先不要勾已完成；本輪未確認完整佐證,,0082,0082：正文仍有未提供或待填的主要紀錄；未確認本項已形成完整實際證據。／按該格官方要求取得真實原始資料與核定、執行或結果紀錄。,否
17,I17C-E02,參訓學員的學習成果實施行動計畫表追蹤紀錄。,先不要勾已完成；本輪未確認完整佐證,,0083,0083：正文仍有未提供或待填的主要紀錄；未確認本項已形成完整實際證據。／按該格官方要求取得真實原始資料與核定、執行或結果紀錄。,否
17,I17C-E03,派訓單位主管對參訓學員的學習成效評估表。,先不要勾已完成；本輪未確認完整佐證,,0084,0084：正文仍有未提供或待填的主要紀錄；未確認本項已形成完整實際證據。／按該格官方要求取得真實原始資料與核定、執行或結果紀錄。,否
17,I17C-E04,知識管理社群討論。,先不要勾已完成；本輪未確認完整佐證,,0085,0085：正文仍有未提供或待填的主要紀錄；未確認本項已形成完整實際證據。／按該格官方要求取得真實原始資料與核定、執行或結果紀錄。,否
17,I17C-E05,神秘客實地稽核（外部稽核）課後機制等。,先不要勾已完成；本輪未確認完整佐證,,0086,0086：正文仍有未提供或待填的主要紀錄；未確認本項已形成完整實際證據。／按該格官方要求取得真實原始資料與核定、執行或結果紀錄。,否
17,I17D-E01,訓後調查表。,僅補充示範，先不要勾已完成,,0087,0087：5人邀請、4份回覆、逐題分數及改善建議可重算。／數位表單課是通用合成案例；自述使用不能當成客觀成果，未附真實問卷或工作紀錄；畫面未重查。,否
17,I17D-E02,就業及考照追蹤紀錄。,先不要勾已完成；本輪未確認完整佐證,,0088,0088：正文仍有未提供或待填的主要紀錄；未確認本項已形成完整實際證據。／按該格官方要求取得真實原始資料與核定、執行或結果紀錄。,否
17,I17D-E03,品質不良率下降統計表。,先不要勾已完成；本輪未確認完整佐證,,0089,0089：正文仍有未提供或待填的主要紀錄；未確認本項已形成完整實際證據。／按該格官方要求取得真實原始資料與核定、執行或結果紀錄。,否
17,I17D-E04,派訓單位主管對參訓學員的學習成效評估表。,先不要勾已完成；本輪未確認完整佐證,,0090,0090：正文仍有未提供或待填的主要紀錄；未確認本項已形成完整實際證據。／按該格官方要求取得真實原始資料與核定、執行或結果紀錄。,否
17,I17D-E05,學員就業證明。,先不要勾已完成；本輪未確認完整佐證,,0091,0091：正文仍有未提供或待填的主要紀錄；未確認本項已形成完整實際證據。／按該格官方要求取得真實原始資料與核定、執行或結果紀錄。,否
17,I17D-E06,感謝函。,先不要勾已完成；本輪未確認完整佐證,,0092,0092：正文仍有未提供或待填的主要紀錄；未確認本項已形成完整實際證據。／按該格官方要求取得真實原始資料與核定、執行或結果紀錄。,否
17,I17D-E07,學員訓後雇主問卷調查表。,先不要勾已完成；本輪未確認完整佐證,,0093,0093：正文仍有未提供或待填的主要紀錄；未確認本項已形成完整實際證據。／按該格官方要求取得真實原始資料與核定、執行或結果紀錄。,否
18,I18-E01,口述目標客戶及學員認為訓練有其功能，僅有滿意度調查，但未有具體紀錄及評量。,先不要勾已完成；本輪未確認完整佐證,,0094,0094：正文仍有未提供或待填的主要紀錄；未確認本項已形成完整實際證據。／按該格官方要求取得真實原始資料與核定、執行或結果紀錄。,否
18,I18-E02,建立目標客戶及學員滿意度調查機制（系統及流程面）。,先不要勾已完成；本輪未確認完整佐證,,0095,0095：正文仍有未提供或待填的主要紀錄；未確認本項已形成完整實際證據。／按該格官方要求取得真實原始資料與核定、執行或結果紀錄。,否
18,I18-E03,感謝函。,先不要勾已完成；本輪未確認完整佐證,,0096,0096：目前是文件工作稿，不能當作外部出具的感謝函原件。／取得真正出具者的原函，核對日期、課程及出具單位。,否
18,I18-E05,問卷調查等顯示目標客戶及學員認為訓練有達成能力提升的效果。,先不要勾已完成；本輪未確認完整佐證,,0097,0097：正文仍有未提供或待填的主要紀錄；未確認本項已形成完整實際證據。／按該格官方要求取得真實原始資料與核定、執行或結果紀錄。,否
18,I18-E06,執行目標客戶及學員滿意度調查及分析（系統及流程面）。,先不要勾已完成；本輪未確認完整佐證,,0098,0098：尚未確認此版本內容足以支持本項；檔名、檔案存在或舊檢查通過不代表實際完成。／按該格官方要求取得真實原始資料與核定、執行或結果紀錄。,否
18,I18-E07,提出目標客戶及學員對訓練達能力提升之說明（學習技能面）。,先不要勾已完成；本輪未確認完整佐證,,0099,0099：正文仍有未提供或待填的主要紀錄；未確認本項已形成完整實際證據。／按該格官方要求取得真實原始資料與核定、執行或結果紀錄。,否
18,I18-E08,學員培訓前後自我評量表及雷達分析圖呈現提升效果。,可指定方法示範優先閱讀；不是實績,0100,0100、0101,0100：四項自評、具體分級、完整成對數值、缺答規則與兩張比較圖齊全；7頁已查看，圖表與正文相符。／25%到75%增加50個百分點只是合成自評；不是實際能力、醫療效果或全體學員成效。；0101：正文仍有未提供或待填的主要紀錄；未確認本項已形成完整實際證據。／按該格官方要求取得真實原始資料與核定、執行或結果紀錄。,否
18,I18-E09,指導學員參加技能競賽獲獎。,先不要勾已完成；本輪未確認完整佐證,,0102,0102：正文仍有未提供或待填的主要紀錄；未確認本項已形成完整實際證據。／按該格官方要求取得真實原始資料與核定、執行或結果紀錄。,否
18,I18-E10,感謝函。,先不要勾已完成；本輪未確認完整佐證,,0103,0103：正文仍有未提供或待填的主要紀錄；未確認本項已形成完整實際證據。／按該格官方要求取得真實原始資料與核定、執行或結果紀錄。,否
18,I18-E11,證照獲取率。,先不要勾已完成；本輪未確認完整佐證,,0104,0104：尚未確認此版本內容足以支持本項；檔名、檔案存在或舊檢查通過不代表實際完成。／按該格官方要求取得真實原始資料與核定、執行或結果紀錄。,否
18,I18-E13,問卷調查及課後行動計畫評估表等顯示目標客戶及學員認為訓練有績效改善的效果。,先不要勾已完成；本輪未確認完整佐證,,0105,0105：正文仍有未提供或待填的主要紀錄；未確認本項已形成完整實際證據。／按該格官方要求取得真實原始資料與核定、執行或結果紀錄。,否
18,I18-E14,提出目標客戶及學員對訓練達組織績效改善之說明（財務面）。,先不要勾已完成；本輪未確認完整佐證,,0106,0106：尚未確認此版本內容足以支持本項；檔名、檔案存在或舊檢查通過不代表實際完成。／按該格官方要求取得真實原始資料與核定、執行或結果紀錄。,否
18,I18-E15,高證照通過率之證明資料。,先不要勾已完成；本輪未確認完整佐證,,0107,0107：正文仍有未提供或待填的主要紀錄；未確認本項已形成完整實際證據。／按該格官方要求取得真實原始資料與核定、執行或結果紀錄。,否
18,I18-E16,提高薪資紀錄。,先不要勾已完成；本輪未確認完整佐證,,0108,0108：正文仍有未提供或待填的主要紀錄；未確認本項已形成完整實際證據。／按該格官方要求取得真實原始資料與核定、執行或結果紀錄。,否
18,I18-E17,社群網站知識討論區，人員使用網站頻率高。,先不要勾已完成；本輪未確認完整佐證,,0109,0109：尚未確認此版本內容足以支持本項；檔名、檔案存在或舊檢查通過不代表實際完成。／按該格官方要求取得真實原始資料與核定、執行或結果紀錄。,否
18,I18-E19,問卷調查及課後行動計畫評估表等顯示目標客戶及學員認為訓練對組織績效的改善及提升均有顯著的效果。,先不要勾已完成；本輪未確認完整佐證,,0110,0110：尚未確認此版本內容足以支持本項；檔名、檔案存在或舊檢查通過不代表實際完成。／按該格官方要求取得真實原始資料與核定、執行或結果紀錄。,否
18,I18-E20,提出目標客戶及學員對訓練達特殊績效之說明（社會面、其他）。,先不要勾已完成；本輪未確認完整佐證,,0111,0111：正文仍有未提供或待填的主要紀錄；未確認本項已形成完整實際證據。／按該格官方要求取得真實原始資料與核定、執行或結果紀錄。,否
18,I18-E21,輔導考照及學員回訓率持續提高。,先不要勾已完成；本輪未確認完整佐證,,0112,0112：正文仍有未提供或待填的主要紀錄；未確認本項已形成完整實際證據。／按該格官方要求取得真實原始資料與核定、執行或結果紀錄。,否
18,I18-E22,會員人數逐年增加。,先不要勾已完成；本輪未確認完整佐證,,0113,0113：正文仍有未提供或待填的主要紀錄；未確認本項已形成完整實際證據。／按該格官方要求取得真實原始資料與核定、執行或結果紀錄。,否
19,I19-E01,目標市場及顧客價值均有提升， 然而未有具體紀錄及評量。,先不要勾已完成；本輪未確認完整佐證,,0114,0114：正文仍有未提供或待填的主要紀錄；未確認本項已形成完整實際證據。／按該格官方要求取得真實原始資料與核定、執行或結果紀錄。,否
19,I19-E02,提出心得與知識分享執行成效 （系統及流程面）。,先不要勾已完成；本輪未確認完整佐證,,0115,0115：正文仍有未提供或待填的主要紀錄；未確認本項已形成完整實際證據。／按該格官方要求取得真實原始資料與核定、執行或結果紀錄。,否
19,I19-E03,口頭說明學員訓後就業狀況，但未有具體紀錄及評量。,先不要勾已完成；本輪未確認完整佐證,,0116,0116：正文仍有未提供或待填的主要紀錄；未確認本項已形成完整實際證據。／按該格官方要求取得真實原始資料與核定、執行或結果紀錄。,否
19,I19-E04,學員考照通過率有增加，但未有具體紀錄及評量。,先不要勾已完成；本輪未確認完整佐證,,0117,0117：正文仍有未提供或待填的主要紀錄；未確認本項已形成完整實際證據。／按該格官方要求取得真實原始資料與核定、執行或結果紀錄。,否
19,I19-E05,感謝函。,先不要勾已完成；本輪未確認完整佐證,,0118,0118：正文仍有未提供或待填的主要紀錄；未確認本項已形成完整實際證據。／按該格官方要求取得真實原始資料與核定、執行或結果紀錄。,否
19,I19-E07,有具體紀錄可辨識目標市場及顧客價值均有部份提升效果。,先不要勾已完成；本輪未確認完整佐證,,0119,0119：正文仍有未提供或待填的主要紀錄；未確認本項已形成完整實際證據。／按該格官方要求取得真實原始資料與核定、執行或結果紀錄。,否
19,I19-E08,相關證據顯示有初步訓練成果， 且有部份佐證資料。,先不要勾已完成；本輪未確認完整佐證,,0120,0120：正文仍有未提供或待填的主要紀錄；未確認本項已形成完整實際證據。／按該格官方要求取得真實原始資料與核定、執行或結果紀錄。,否
19,I19-E09,提出學員滿意度、考試測驗或心得報告（學習技能面）。,先不要勾已完成；本輪未確認完整佐證,,0121,0121：正文仍有未提供或待填的主要紀錄；未確認本項已形成完整實際證據。／按該格官方要求取得真實原始資料與核定、執行或結果紀錄。,否
19,I19-E10,提出課後追蹤調查與分析結果、 證照通過情形（學習技能面）。,先不要勾已完成；本輪未確認完整佐證,,0122,0122：正文仍有未提供或待填的主要紀錄；未確認本項已形成完整實際證據。／按該格官方要求取得真實原始資料與核定、執行或結果紀錄。,否
19,I19-E11,部份會員透過訓練後，事業成就上突破原有格局。,先不要勾已完成；本輪未確認完整佐證,,0123,0123：正文仍有未提供或待填的主要紀錄；未確認本項已形成完整實際證據。／按該格官方要求取得真實原始資料與核定、執行或結果紀錄。,否
19,I19-E12,企業主雇用結訓後學員，肯定機構訓練的成效。,先不要勾已完成；本輪未確認完整佐證,,0124,0124：正文仍有未提供或待填的主要紀錄；未確認本項已形成完整實際證據。／按該格官方要求取得真實原始資料與核定、執行或結果紀錄。,否
19,I19-E13,部份學員能運用所學於職務中。,先不要勾已完成；本輪未確認完整佐證,,0125,0125：正文仍有未提供或待填的主要紀錄；未確認本項已形成完整實際證據。／按該格官方要求取得真實原始資料與核定、執行或結果紀錄。,否
19,I19-E14,進行訓後薪資調查，部份訓後學員微幅調薪。,先不要勾已完成；本輪未確認完整佐證,,0126,0126：正文仍有未提供或待填的主要紀錄；未確認本項已形成完整實際證據。／按該格官方要求取得真實原始資料與核定、執行或結果紀錄。,否
19,I19-E16,有量化之效益可呈現目標市場及顧客價值均有一定程度提升的效果。,先不要勾已完成；本輪未確認完整佐證,,0127,0127：正文仍有未提供或待填的主要紀錄；未確認本項已形成完整實際證據。／按該格官方要求取得真實原始資料與核定、執行或結果紀錄。,否
19,I19-E17,相關證據顯示個人訓練後之績效改善成果。,先不要勾已完成；本輪未確認完整佐證,,0128,0128：正文仍有未提供或待填的主要紀錄；未確認本項已形成完整實際證據。／按該格官方要求取得真實原始資料與核定、執行或結果紀錄。,否
19,I19-E18,提出市場競爭力、營業額、工作流程、成本控制或客訴率等營運表現（財務面）。,先不要勾已完成；本輪未確認完整佐證,,0129,0129：正文仍有未提供或待填的主要紀錄；未確認本項已形成完整實際證據。／按該格官方要求取得真實原始資料與核定、執行或結果紀錄。,否
19,I19-E19,學員訓後創業案例。,先不要勾已完成；本輪未確認完整佐證,,0130,0130：正文仍有未提供或待填的主要紀錄；未確認本項已形成完整實際證據。／按該格官方要求取得真實原始資料與核定、執行或結果紀錄。,否
19,I19-E20,學員證照通過、就業率高。,先不要勾已完成；本輪未確認完整佐證,,0131,0131：正文仍有未提供或待填的主要紀錄；未確認本項已形成完整實際證據。／按該格官方要求取得真實原始資料與核定、執行或結果紀錄。,否
19,I19-E21,個人產品不良件數有下降趨勢。,先不要勾已完成；本輪未確認完整佐證,,0132,0132：正文仍有未提供或待填的主要紀錄；未確認本項已形成完整實際證據。／按該格官方要求取得真實原始資料與核定、執行或結果紀錄。,否
19,I19-E22,每年訓練班次、人次均持續成長。,先不要勾已完成；本輪未確認完整佐證,,0133,0133：正文仍有未提供或待填的主要紀錄；未確認本項已形成完整實際證據。／按該格官方要求取得真實原始資料與核定、執行或結果紀錄。,否
19,I19-E23,會員人數及會費收入均逐年增加。,先不要勾已完成；本輪未確認完整佐證,,0134,0134：正文仍有未提供或待填的主要紀錄；未確認本項已形成完整實際證據。／按該格官方要求取得真實原始資料與核定、執行或結果紀錄。,否
19,I19-E25,經營績效中之數據呈現目標市場及顧客價值均有顯著具體的提升績效。,先不要勾已完成；本輪未確認完整佐證,,0135,0135：正文仍有未提供或待填的主要紀錄；未確認本項已形成完整實際證據。／按該格官方要求取得真實原始資料與核定、執行或結果紀錄。,否
19,I19-E26,提出參與社會公益活動、獲頒公民營單位獎項、結合學校單位產學或研發成果社會面。,先不要勾已完成；本輪未確認完整佐證,,0136,0136：正文仍有未提供或待填的主要紀錄；未確認本項已形成完整實際證據。／按該格官方要求取得真實原始資料與核定、執行或結果紀錄。,否
19,I19-E27,提出報章雜誌採訪或電子媒體訪問之正面消息（其他）。,先不要勾已完成；本輪未確認完整佐證,,0137,0137：正文仍有未提供或待填的主要紀錄；未確認本項已形成完整實際證據。／按該格官方要求取得真實原始資料與核定、執行或結果紀錄。,否
19,I19-E28,個人績效提升（薪資提升或獎勵升遷之紀錄）。,先不要勾已完成；本輪未確認完整佐證,,0138,0138：正文仍有未提供或待填的主要紀錄；未確認本項已形成完整實際證據。／按該格官方要求取得真實原始資料與核定、執行或結果紀錄。,否
19,I19-E29,證照通過率高及就業率大幅提升。,先不要勾已完成；本輪未確認完整佐證,,0139,0139：正文仍有未提供或待填的主要紀錄；未確認本項已形成完整實際證據。／按該格官方要求取得真實原始資料與核定、執行或結果紀錄。,否
19,I19-E30,運用資訊系統普及率。,先不要勾已完成；本輪未確認完整佐證,,0140,0140：正文仍有未提供或待填的主要紀錄；未確認本項已形成完整實際證據。／按該格官方要求取得真實原始資料與核定、執行或結果紀錄。,否
19,I19-E31,顧客滿意度提升。,先不要勾已完成；本輪未確認完整佐證,,0141,0141：正文仍有未提供或待填的主要紀錄；未確認本項已形成完整實際證據。／按該格官方要求取得真實原始資料與核定、執行或結果紀錄。,否
19,I19-E32,組織近三年營業額持續成長。,僅補充示範，先不要勾已完成,,0142,0142：三年度金額、年增率10%、累積21%與其他收入分列正確。／120萬元起的服務收入只是示範；未取得協會財報，非營利協會科目是否適用尚需確認，不能勾成營業額持續成長。,否
