指標,對應勾選項數,文件數,方法示範可優先閱讀,可確認正式實績文件數,主要缺口
1,6,9,0001、0002、0003,0,所有推薦均是未生效示範；未確認實際核定或執行證據。
2,5,8,無,0,現有工作稿或合成示範不足以確認本會已完成此項。
3,4,4,無,0,現有工作稿或合成示範不足以確認本會已完成此項。
4,5,5,0025,0,所有推薦均是未生效示範；未確認實際核定或執行證據。
5,3,3,無,0,現有工作稿或合成示範不足以確認本會已完成此項。
6,3,3,無,0,現有工作稿或合成示範不足以確認本會已完成此項。
7,4,4,無,0,現有工作稿或合成示範不足以確認本會已完成此項。
8,3,4,無,0,現有工作稿或合成示範不足以確認本會已完成此項。
9,4,4,無,0,現有工作稿或合成示範不足以確認本會已完成此項。
10,3,4,無,0,現有工作稿或合成示範不足以確認本會已完成此項。
11,4,4,無,0,現有工作稿或合成示範不足以確認本會已完成此項。
12,4,4,無,0,現有工作稿或合成示範不足以確認本會已完成此項。
13,3,3,無,0,現有工作稿或合成示範不足以確認本會已完成此項。
14,5,5,無,0,現有工作稿或合成示範不足以確認本會已完成此項。
15,4,4,無,0,現有工作稿或合成示範不足以確認本會已完成此項。
16,3,4,0071,0,所有推薦均是未生效示範；未確認實際核定或執行證據。
17,18,21,無,0,現有工作稿或合成示範不足以確認本會已完成此項。
18,19,20,0100,0,所有推薦均是未生效示範；未確認實際核定或執行證據。
19,29,29,無,0,現有工作稿或合成示範不足以確認本會已完成此項。
